series_id,surface
0,hard_tiles_large_space
1,concrete
2,tiled
3,fine_concrete
4,soft_tiles
5,concrete
6,soft_pvc
7,hard_tiles_large_space
8,wood
9,hard_tiles_large_space
10,soft_pvc
11,tiled
12,wood
13,soft_pvc
14,tiled
15,wood
16,carpet
17,soft_tiles
18,fine_concrete
19,fine_concrete
20,wood
21,wood
22,soft_pvc
23,hard_tiles_large_space
24,concrete
25,wood
26,concrete
27,tiled
28,wood
29,hard_tiles_large_space
30,hard_tiles
31,soft_tiles
32,concrete
33,soft_pvc
34,fine_concrete
35,hard_tiles
36,fine_concrete
37,soft_pvc
38,soft_pvc
39,soft_pvc
40,carpet
41,wood
42,concrete
43,carpet
44,soft_pvc
45,wood
46,wood
47,carpet
48,hard_tiles_large_space
49,wood
50,wood
51,soft_tiles
52,fine_concrete
53,wood
54,fine_concrete
55,wood
56,wood
57,wood
58,hard_tiles
59,fine_concrete
60,wood
61,hard_tiles_large_space
62,wood
63,concrete
64,concrete
65,soft_pvc
66,fine_concrete
67,soft_pvc
68,soft_pvc
69,hard_tiles_large_space
70,wood
71,soft_pvc
72,carpet
73,wood
74,hard_tiles_large_space
75,fine_concrete
76,tiled
77,soft_pvc
78,concrete
79,soft_pvc
80,soft_tiles
81,tiled
82,fine_concrete
83,tiled
84,concrete
85,soft_tiles
86,hard_tiles_large_space
87,concrete
88,carpet
89,concrete
90,fine_concrete
91,concrete
92,soft_tiles
93,concrete
94,wood
95,concrete
96,soft_pvc
97,concrete
98,soft_tiles
99,wood
100,hard_tiles_large_space
101,hard_tiles_large_space
102,fine_concrete
103,wood
104,fine_concrete
105,soft_tiles
106,concrete
107,hard_tiles
108,carpet
109,tiled
110,soft_pvc
111,concrete
112,soft_pvc
113,fine_concrete
114,hard_tiles_large_space
115,soft_tiles
116,wood
117,hard_tiles
118,hard_tiles_large_space
119,fine_concrete
120,soft_pvc
121,wood
122,concrete
123,concrete
124,hard_tiles_large_space
125,wood
126,tiled
127,wood
128,fine_concrete
129,concrete
130,wood
131,soft_pvc
132,soft_pvc
133,hard_tiles
134,fine_concrete
135,carpet
136,concrete
137,wood
138,hard_tiles
139,soft_pvc
140,soft_tiles
141,carpet
142,fine_concrete
143,soft_pvc
144,concrete
145,carpet
146,concrete
147,concrete
148,carpet
149,hard_tiles_large_space
150,soft_tiles
151,soft_pvc
152,carpet
153,hard_tiles
154,soft_pvc
155,soft_pvc
156,tiled
157,carpet
158,tiled
159,hard_tiles
160,soft_tiles
161,hard_tiles_large_space
162,fine_concrete
163,wood
164,hard_tiles
165,soft_tiles
166,fine_concrete
167,hard_tiles_large_space
168,soft_tiles
169,hard_tiles_large_space
170,carpet
171,hard_tiles
172,wood
173,hard_tiles
174,fine_concrete
175,hard_tiles_large_space
176,concrete
177,hard_tiles_large_space
178,concrete
179,hard_tiles_large_space
180,concrete
181,fine_concrete
182,soft_pvc
183,hard_tiles
184,concrete
185,fine_concrete
186,tiled
187,soft_pvc
188,soft_pvc
189,fine_concrete
190,fine_concrete
191,carpet
192,hard_tiles
193,concrete
194,soft_pvc
195,soft_pvc
196,wood
197,soft_tiles
198,carpet
199,wood
200,concrete
201,soft_pvc
202,soft_tiles
203,hard_tiles_large_space
204,soft_tiles
205,fine_concrete
206,soft_pvc
207,wood
208,fine_concrete
209,concrete
210,soft_pvc
211,hard_tiles_large_space
212,soft_pvc
213,carpet
214,wood
215,wood
216,soft_tiles
217,soft_tiles
218,soft_pvc
219,concrete
220,soft_pvc
221,wood
222,concrete
223,fine_concrete
224,wood
225,soft_pvc
226,wood
227,soft_pvc
228,hard_tiles
229,concrete
230,wood
231,fine_concrete
232,concrete
233,soft_pvc
234,soft_pvc
235,hard_tiles_large_space
236,fine_concrete
237,concrete
238,concrete
239,fine_concrete
240,carpet
241,tiled
242,tiled
243,fine_concrete
244,carpet
245,tiled
246,fine_concrete
247,hard_tiles_large_space
248,carpet
249,concrete
250,tiled
251,carpet
252,wood
253,concrete
254,concrete
255,tiled
256,fine_concrete
257,soft_pvc
258,hard_tiles
259,soft_tiles
260,concrete
261,soft_pvc
262,soft_pvc
263,concrete
264,concrete
265,soft_tiles
266,hard_tiles_large_space
267,tiled
268,wood
269,wood
270,fine_concrete
271,soft_tiles
272,carpet
273,soft_tiles
274,fine_concrete
275,concrete
276,tiled
277,wood
278,soft_pvc
279,soft_tiles
280,concrete
281,hard_tiles
282,fine_concrete
283,carpet
284,soft_tiles
285,wood
286,fine_concrete
287,concrete
288,concrete
289,hard_tiles_large_space
290,hard_tiles_large_space
291,hard_tiles_large_space
292,hard_tiles_large_space
293,soft_tiles
294,concrete
295,fine_concrete
296,fine_concrete
297,wood
298,soft_tiles
299,concrete
300,soft_pvc
301,wood
302,wood
303,wood
304,concrete
305,soft_pvc
306,tiled
307,hard_tiles_large_space
308,concrete
309,concrete
310,hard_tiles_large_space
311,fine_concrete
312,hard_tiles_large_space
313,carpet
314,soft_pvc
315,hard_tiles_large_space
316,soft_pvc
317,wood
318,tiled
319,wood
320,carpet
321,soft_pvc
322,tiled
323,soft_tiles
324,concrete
325,hard_tiles
326,concrete
327,carpet
328,fine_concrete
329,wood
330,hard_tiles_large_space
331,soft_pvc
332,wood
333,fine_concrete
334,concrete
335,concrete
336,concrete
337,wood
338,fine_concrete
339,carpet
340,soft_pvc
341,hard_tiles_large_space
342,wood
343,soft_tiles
344,wood
345,concrete
346,fine_concrete
347,fine_concrete
348,concrete
349,soft_pvc
350,hard_tiles_large_space
351,soft_tiles
352,tiled
353,wood
354,wood
355,tiled
356,soft_tiles
357,soft_tiles
358,wood
359,wood
360,wood
361,concrete
362,concrete
363,hard_tiles
364,tiled
365,fine_concrete
366,fine_concrete
367,wood
368,fine_concrete
369,concrete
370,wood
371,tiled
372,soft_pvc
373,concrete
374,hard_tiles_large_space
375,wood
376,soft_tiles
377,concrete
378,fine_concrete
379,fine_concrete
380,hard_tiles_large_space
381,soft_tiles
382,wood
383,hard_tiles_large_space
384,fine_concrete
385,concrete
386,wood
387,soft_tiles
388,tiled
389,fine_concrete
390,soft_tiles
391,wood
392,concrete
393,soft_pvc
394,fine_concrete
395,soft_tiles
396,fine_concrete
397,fine_concrete
398,concrete
399,concrete
400,tiled
401,fine_concrete
402,carpet
403,wood
404,wood
405,soft_tiles
406,hard_tiles
407,concrete
408,wood
409,soft_pvc
410,concrete
411,wood
412,concrete
413,soft_pvc
414,wood
415,carpet
416,tiled
417,soft_pvc
418,soft_tiles
419,tiled
420,wood
421,hard_tiles_large_space
422,tiled
423,wood
424,wood
425,soft_pvc
426,concrete
427,wood
428,hard_tiles_large_space
429,concrete
430,hard_tiles_large_space
431,wood
432,soft_pvc
433,concrete
434,soft_tiles
435,wood
436,concrete
437,soft_tiles
438,carpet
439,soft_pvc
440,soft_pvc
441,soft_tiles
442,soft_pvc
443,soft_pvc
444,wood
445,fine_concrete
446,hard_tiles_large_space
447,hard_tiles_large_space
448,wood
449,wood
450,fine_concrete
451,concrete
452,carpet
453,wood
454,soft_tiles
455,concrete
456,concrete
457,soft_pvc
458,tiled
459,soft_pvc
460,soft_tiles
461,hard_tiles_large_space
462,wood
463,concrete
464,wood
465,concrete
466,fine_concrete
467,soft_tiles
468,soft_tiles
469,soft_tiles
470,soft_pvc
471,soft_tiles
472,carpet
473,concrete
474,hard_tiles_large_space
475,hard_tiles
476,wood
477,wood
478,soft_pvc
479,wood
480,soft_tiles
481,concrete
482,concrete
483,hard_tiles_large_space
484,wood
485,carpet
486,concrete
487,concrete
488,wood
489,carpet
490,wood
491,soft_pvc
492,concrete
493,carpet
494,soft_pvc
495,wood
496,carpet
497,concrete
498,hard_tiles_large_space
499,concrete
500,hard_tiles_large_space
501,wood
502,tiled
503,tiled
504,soft_pvc
505,fine_concrete
506,hard_tiles_large_space
507,concrete
508,soft_tiles
509,wood
510,soft_pvc
511,soft_tiles
512,soft_pvc
513,soft_tiles
514,soft_pvc
515,concrete
516,soft_pvc
517,wood
518,hard_tiles_large_space
519,soft_tiles
520,concrete
521,soft_tiles
522,fine_concrete
523,hard_tiles
524,concrete
525,hard_tiles_large_space
526,carpet
527,hard_tiles_large_space
528,wood
529,concrete
530,wood
531,fine_concrete
532,soft_pvc
533,soft_pvc
534,carpet
535,concrete
536,concrete
537,soft_tiles
538,wood
539,wood
540,hard_tiles_large_space
541,fine_concrete
542,fine_concrete
543,concrete
544,soft_pvc
545,soft_pvc
546,wood
547,soft_pvc
548,concrete
549,hard_tiles_large_space
550,fine_concrete
551,soft_tiles
552,carpet
553,concrete
554,soft_tiles
555,concrete
556,wood
557,wood
558,hard_tiles_large_space
559,soft_pvc
560,fine_concrete
561,fine_concrete
562,concrete
563,hard_tiles_large_space
564,soft_pvc
565,hard_tiles_large_space
566,tiled
567,wood
568,soft_tiles
569,soft_pvc
570,tiled
571,carpet
572,carpet
573,soft_pvc
574,wood
575,wood
576,wood
577,concrete
578,tiled
579,concrete
580,soft_tiles
581,concrete
582,concrete
583,soft_tiles
584,concrete
585,fine_concrete
586,fine_concrete
587,soft_pvc
588,wood
589,concrete
590,wood
591,tiled
592,wood
593,hard_tiles_large_space
594,soft_tiles
595,carpet
596,concrete
597,wood
598,concrete
599,concrete
600,concrete
601,carpet
602,soft_pvc
603,wood
604,hard_tiles
605,carpet
606,soft_tiles
607,concrete
608,hard_tiles_large_space
609,soft_pvc
610,hard_tiles_large_space
611,soft_pvc
612,fine_concrete
613,carpet
614,hard_tiles_large_space
615,wood
616,hard_tiles_large_space
617,carpet
618,soft_pvc
619,wood
620,concrete
621,soft_tiles
622,tiled
623,fine_concrete
624,fine_concrete
625,soft_tiles
626,soft_pvc
627,soft_pvc
628,soft_tiles
629,fine_concrete
630,concrete
631,wood
632,wood
633,wood
634,carpet
635,concrete
636,fine_concrete
637,concrete
638,fine_concrete
639,hard_tiles_large_space
640,soft_pvc
641,hard_tiles_large_space
642,concrete
643,tiled
644,soft_tiles
645,carpet
646,wood
647,hard_tiles_large_space
648,fine_concrete
649,hard_tiles_large_space
650,wood
651,soft_tiles
652,concrete
653,hard_tiles_large_space
654,fine_concrete
655,wood
656,tiled
657,soft_pvc
658,hard_tiles_large_space
659,concrete
660,fine_concrete
661,concrete
662,soft_pvc
663,concrete
664,hard_tiles_large_space
665,concrete
666,fine_concrete
667,tiled
668,soft_pvc
669,fine_concrete
670,hard_tiles_large_space
671,fine_concrete
672,concrete
673,wood
674,wood
675,carpet
676,soft_tiles
677,concrete
678,soft_pvc
679,fine_concrete
680,soft_pvc
681,concrete
682,hard_tiles
683,fine_concrete
684,soft_pvc
685,wood
686,wood
687,concrete
688,soft_pvc
689,wood
690,tiled
691,hard_tiles
692,wood
693,hard_tiles
694,wood
695,soft_tiles
696,soft_pvc
697,wood
698,soft_tiles
699,fine_concrete
700,wood
701,carpet
702,soft_pvc
703,tiled
704,soft_tiles
705,carpet
706,hard_tiles_large_space
707,soft_pvc
708,fine_concrete
709,soft_pvc
710,soft_tiles
711,concrete
712,hard_tiles_large_space
713,hard_tiles_large_space
714,fine_concrete
715,hard_tiles_large_space
716,hard_tiles_large_space
717,soft_pvc
718,wood
719,fine_concrete
720,soft_tiles
721,wood
722,hard_tiles_large_space
723,concrete
724,soft_tiles
725,concrete
726,concrete
727,wood
728,soft_pvc
729,hard_tiles_large_space
730,tiled
731,hard_tiles_large_space
732,concrete
733,concrete
734,concrete
735,concrete
736,hard_tiles
737,carpet
738,fine_concrete
739,concrete
740,hard_tiles_large_space
741,soft_pvc
742,concrete
743,fine_concrete
744,soft_pvc
745,soft_pvc
746,concrete
747,concrete
748,hard_tiles
749,soft_pvc
750,soft_tiles
751,soft_tiles
752,soft_pvc
753,concrete
754,soft_pvc
755,carpet
756,hard_tiles
757,soft_tiles
758,hard_tiles
759,soft_pvc
760,fine_concrete
761,hard_tiles_large_space
762,hard_tiles_large_space
763,soft_pvc
764,soft_tiles
765,wood
766,soft_pvc
767,concrete
768,soft_pvc
769,fine_concrete
770,soft_pvc
771,concrete
772,wood
773,fine_concrete
774,wood
775,soft_pvc
776,concrete
777,hard_tiles
778,carpet
779,concrete
780,soft_pvc
781,concrete
782,wood
783,soft_tiles
784,soft_pvc
785,concrete
786,tiled
787,fine_concrete
788,hard_tiles_large_space
789,wood
790,hard_tiles_large_space
791,wood
792,wood
793,hard_tiles_large_space
794,carpet
795,fine_concrete
796,hard_tiles
797,fine_concrete
798,hard_tiles_large_space
799,concrete
800,wood
801,concrete
802,hard_tiles_large_space
803,wood
804,hard_tiles_large_space
805,fine_concrete
806,soft_pvc
807,hard_tiles_large_space
808,concrete
809,concrete
810,soft_pvc
811,wood
812,soft_tiles
813,concrete
814,wood
815,soft_pvc
816,soft_tiles
817,soft_tiles
818,soft_tiles
819,fine_concrete
820,wood
821,concrete
822,concrete
823,soft_pvc
824,concrete
825,carpet
826,soft_tiles
827,carpet
828,soft_tiles
829,wood
830,fine_concrete
831,concrete
832,hard_tiles_large_space
833,wood
834,wood
835,concrete
836,soft_pvc
837,soft_pvc
838,wood
839,tiled
840,soft_pvc
841,concrete
842,tiled
843,fine_concrete
844,soft_pvc
845,concrete
846,fine_concrete
847,concrete
848,tiled
849,soft_tiles
850,wood
851,soft_pvc
852,concrete
853,concrete
854,concrete
855,concrete
856,hard_tiles_large_space
857,wood
858,fine_concrete
859,carpet
860,wood
861,soft_tiles
862,wood
863,concrete
864,concrete
865,carpet
866,carpet
867,soft_tiles
868,wood
869,hard_tiles_large_space
870,soft_tiles
871,wood
872,tiled
873,tiled
874,hard_tiles_large_space
875,carpet
876,tiled
877,soft_pvc
878,tiled
879,wood
880,soft_pvc
881,carpet
882,soft_tiles
883,soft_tiles
884,soft_tiles
885,wood
886,concrete
887,concrete
888,fine_concrete
889,soft_pvc
890,tiled
891,soft_pvc
892,soft_pvc
893,concrete
894,concrete
895,soft_pvc
896,wood
897,concrete
898,tiled
899,wood
900,wood
901,soft_pvc
902,hard_tiles
903,wood
904,tiled
905,wood
906,fine_concrete
907,soft_tiles
908,wood
909,fine_concrete
910,concrete
911,concrete
912,concrete
913,hard_tiles_large_space
914,wood
915,hard_tiles
916,soft_tiles
917,tiled
918,fine_concrete
919,soft_tiles
920,soft_pvc
921,soft_pvc
922,hard_tiles_large_space
923,hard_tiles_large_space
924,fine_concrete
925,concrete
926,concrete
927,carpet
928,wood
929,tiled
930,fine_concrete
931,tiled
932,wood
933,concrete
934,soft_pvc
935,carpet
936,fine_concrete
937,soft_pvc
938,soft_pvc
939,hard_tiles_large_space
940,concrete
941,tiled
942,tiled
943,wood
944,carpet
945,wood
946,carpet
947,soft_tiles
948,concrete
949,concrete
950,concrete
951,soft_pvc
952,concrete
953,carpet
954,concrete
955,concrete
956,wood
957,soft_pvc
958,soft_tiles
959,fine_concrete
960,wood
961,fine_concrete
962,concrete
963,fine_concrete
964,concrete
965,wood
966,carpet
967,soft_pvc
968,carpet
969,carpet
970,fine_concrete
971,soft_pvc
972,wood
973,concrete
974,carpet
975,soft_pvc
976,concrete
977,fine_concrete
978,wood
979,hard_tiles_large_space
980,soft_pvc
981,wood
982,wood
983,soft_tiles
984,concrete
985,hard_tiles_large_space
986,concrete
987,wood
988,concrete
989,fine_concrete
990,hard_tiles_large_space
991,soft_pvc
992,wood
993,tiled
994,concrete
995,wood
996,concrete
997,soft_pvc
998,hard_tiles_large_space
999,concrete
1000,wood
1001,concrete
1002,concrete
1003,concrete
1004,hard_tiles
1005,fine_concrete
1006,fine_concrete
1007,hard_tiles_large_space
1008,hard_tiles_large_space
1009,tiled
1010,concrete
1011,concrete
1012,carpet
1013,wood
1014,concrete
1015,wood
1016,concrete
1017,concrete
1018,wood
1019,wood
1020,hard_tiles
1021,hard_tiles_large_space
1022,hard_tiles_large_space
1023,concrete
1024,soft_tiles
1025,carpet
1026,soft_pvc
1027,soft_tiles
1028,concrete
1029,hard_tiles_large_space
1030,wood
1031,carpet
1032,concrete
1033,fine_concrete
1034,hard_tiles_large_space
1035,fine_concrete
1036,wood
1037,carpet
1038,soft_pvc
1039,tiled
1040,fine_concrete
1041,wood
1042,soft_pvc
1043,soft_pvc
1044,wood
1045,concrete
1046,fine_concrete
1047,wood
1048,concrete
1049,soft_pvc
1050,fine_concrete
1051,soft_pvc
1052,fine_concrete
1053,soft_pvc
1054,soft_pvc
1055,soft_tiles
1056,soft_pvc
1057,concrete
1058,concrete
1059,fine_concrete
1060,soft_tiles
1061,soft_pvc
1062,hard_tiles_large_space
1063,carpet
1064,wood
1065,soft_tiles
1066,fine_concrete
1067,tiled
1068,concrete
1069,soft_tiles
1070,hard_tiles_large_space
1071,fine_concrete
1072,soft_pvc
1073,concrete
1074,wood
1075,concrete
1076,soft_pvc
1077,concrete
1078,soft_pvc
1079,soft_tiles
1080,soft_tiles
1081,hard_tiles_large_space
1082,concrete
1083,carpet
1084,concrete
1085,tiled
1086,hard_tiles_large_space
1087,fine_concrete
1088,wood
1089,wood
1090,soft_pvc
1091,fine_concrete
1092,wood
1093,concrete
1094,fine_concrete
1095,tiled
1096,fine_concrete
1097,concrete
1098,fine_concrete
1099,concrete
1100,soft_pvc
1101,soft_pvc
1102,soft_tiles
1103,wood
1104,concrete
1105,wood
1106,concrete
1107,soft_pvc
1108,wood
1109,concrete
1110,fine_concrete
1111,soft_tiles
1112,hard_tiles_large_space
1113,wood
1114,soft_pvc
1115,wood
1116,carpet
1117,soft_pvc
1118,soft_pvc
1119,hard_tiles_large_space
1120,hard_tiles_large_space
1121,fine_concrete
1122,soft_pvc
1123,soft_pvc
1124,concrete
1125,wood
1126,concrete
1127,hard_tiles_large_space
1128,soft_pvc
1129,concrete
1130,hard_tiles
1131,wood
1132,concrete
1133,concrete
1134,fine_concrete
1135,soft_pvc
1136,concrete
1137,wood
1138,soft_pvc
1139,concrete
1140,fine_concrete
1141,concrete
1142,fine_concrete
1143,wood
1144,fine_concrete
1145,concrete
1146,fine_concrete
1147,soft_tiles
1148,concrete
1149,concrete
1150,carpet
1151,concrete
1152,fine_concrete
1153,soft_tiles
1154,wood
1155,concrete
1156,fine_concrete
1157,concrete
1158,concrete
1159,soft_pvc
1160,concrete
1161,concrete
1162,concrete
1163,concrete
1164,fine_concrete
1165,carpet
1166,fine_concrete
1167,wood
1168,wood
1169,carpet
1170,concrete
1171,wood
1172,hard_tiles_large_space
1173,fine_concrete
1174,soft_pvc
1175,hard_tiles
1176,hard_tiles_large_space
1177,wood
1178,fine_concrete
1179,hard_tiles_large_space
1180,tiled
1181,soft_pvc
1182,wood
1183,wood
1184,hard_tiles_large_space
1185,concrete
1186,tiled
1187,hard_tiles_large_space
1188,wood
1189,soft_tiles
1190,hard_tiles_large_space
1191,soft_tiles
1192,concrete
1193,fine_concrete
1194,wood
1195,soft_pvc
1196,wood
1197,soft_pvc
1198,wood
1199,soft_pvc
1200,tiled
1201,concrete
1202,fine_concrete
1203,concrete
1204,soft_pvc
1205,soft_tiles
1206,soft_pvc
1207,soft_tiles
1208,concrete
1209,soft_pvc
1210,hard_tiles_large_space
1211,tiled
1212,fine_concrete
1213,soft_pvc
1214,hard_tiles_large_space
1215,fine_concrete
1216,hard_tiles_large_space
1217,hard_tiles_large_space
1218,wood
1219,wood
1220,fine_concrete
1221,concrete
1222,wood
1223,soft_pvc
1224,soft_tiles
1225,concrete
1226,wood
1227,soft_pvc
1228,wood
1229,hard_tiles
1230,hard_tiles
1231,fine_concrete
1232,tiled
1233,carpet
1234,concrete
1235,hard_tiles_large_space
1236,soft_pvc
1237,hard_tiles_large_space
1238,hard_tiles_large_space
1239,concrete
1240,concrete
1241,wood
1242,wood
1243,concrete
1244,fine_concrete
1245,wood
1246,wood
1247,tiled
1248,concrete
1249,concrete
1250,fine_concrete
1251,concrete
1252,concrete
1253,wood
1254,fine_concrete
1255,concrete
1256,soft_pvc
1257,hard_tiles
1258,wood
1259,concrete
1260,wood
1261,carpet
1262,soft_tiles
1263,wood
1264,hard_tiles_large_space
1265,soft_pvc
1266,hard_tiles_large_space
1267,soft_pvc
1268,soft_pvc
1269,fine_concrete
1270,soft_tiles
1271,hard_tiles_large_space
1272,soft_pvc
1273,wood
1274,soft_tiles
1275,fine_concrete
1276,wood
1277,concrete
1278,hard_tiles_large_space
1279,soft_tiles
1280,concrete
1281,tiled
1282,hard_tiles_large_space
1283,fine_concrete
1284,soft_pvc
1285,fine_concrete
1286,concrete
1287,concrete
1288,soft_tiles
1289,fine_concrete
1290,concrete
1291,soft_pvc
1292,wood
1293,hard_tiles_large_space
1294,wood
1295,tiled
1296,carpet
1297,concrete
1298,concrete
1299,soft_tiles
1300,concrete
1301,fine_concrete
1302,carpet
1303,wood
1304,concrete
1305,soft_pvc
1306,hard_tiles_large_space
1307,soft_tiles
1308,fine_concrete
1309,concrete
1310,concrete
1311,wood
1312,concrete
1313,carpet
1314,fine_concrete
1315,soft_tiles
1316,concrete
1317,fine_concrete
1318,soft_pvc
1319,wood
1320,wood
1321,carpet
1322,hard_tiles_large_space
1323,soft_tiles
1324,soft_pvc
1325,hard_tiles_large_space
1326,concrete
1327,fine_concrete
1328,soft_pvc
1329,concrete
1330,wood
1331,soft_tiles
1332,carpet
1333,concrete
1334,concrete
1335,hard_tiles_large_space
1336,soft_pvc
1337,carpet
1338,wood
1339,soft_pvc
1340,fine_concrete
1341,wood
1342,hard_tiles
1343,soft_tiles
1344,fine_concrete
1345,fine_concrete
1346,soft_pvc
1347,soft_pvc
1348,tiled
1349,hard_tiles_large_space
1350,carpet
1351,concrete
1352,fine_concrete
1353,soft_tiles
1354,soft_tiles
1355,concrete
1356,fine_concrete
1357,soft_pvc
1358,soft_tiles
1359,soft_tiles
1360,carpet
1361,hard_tiles_large_space
1362,hard_tiles_large_space
1363,soft_pvc
1364,carpet
1365,hard_tiles_large_space
1366,carpet
1367,soft_tiles
1368,concrete
1369,soft_pvc
1370,soft_pvc
1371,hard_tiles_large_space
1372,wood
1373,soft_tiles
1374,soft_tiles
1375,hard_tiles_large_space
1376,concrete
1377,hard_tiles_large_space
1378,hard_tiles_large_space
1379,tiled
1380,carpet
1381,concrete
1382,soft_pvc
1383,carpet
1384,hard_tiles_large_space
1385,wood
1386,concrete
1387,fine_concrete
1388,hard_tiles_large_space
1389,concrete
1390,fine_concrete
1391,concrete
1392,fine_concrete
1393,fine_concrete
1394,tiled
1395,concrete
1396,concrete
1397,concrete
1398,soft_pvc
1399,wood
1400,hard_tiles
1401,carpet
1402,soft_pvc
1403,soft_tiles
1404,soft_tiles
1405,hard_tiles_large_space
1406,concrete
1407,soft_tiles
1408,tiled
1409,carpet
1410,concrete
1411,carpet
1412,hard_tiles_large_space
1413,soft_pvc
1414,soft_pvc
1415,soft_tiles
1416,fine_concrete
1417,soft_tiles
1418,wood
1419,tiled
1420,soft_pvc
1421,carpet
1422,carpet
1423,soft_pvc
1424,concrete
1425,soft_tiles
1426,soft_tiles
1427,hard_tiles_large_space
1428,soft_tiles
1429,carpet
1430,hard_tiles
1431,hard_tiles_large_space
1432,concrete
1433,soft_tiles
1434,soft_pvc
1435,fine_concrete
1436,tiled
1437,fine_concrete
1438,carpet
1439,soft_pvc
1440,soft_tiles
1441,soft_pvc
1442,soft_pvc
1443,tiled
1444,soft_pvc
1445,carpet
1446,hard_tiles_large_space
1447,hard_tiles_large_space
1448,concrete
1449,soft_pvc
1450,concrete
1451,wood
1452,soft_pvc
1453,hard_tiles_large_space
1454,wood
1455,carpet
1456,soft_pvc
1457,tiled
1458,concrete
1459,concrete
1460,soft_tiles
1461,soft_pvc
1462,hard_tiles_large_space
1463,soft_pvc
1464,hard_tiles_large_space
1465,wood
1466,tiled
1467,wood
1468,soft_tiles
1469,soft_tiles
1470,wood
1471,concrete
1472,soft_pvc
1473,concrete
1474,hard_tiles_large_space
1475,hard_tiles_large_space
1476,fine_concrete
1477,fine_concrete
1478,fine_concrete
1479,concrete
1480,hard_tiles_large_space
1481,wood
1482,concrete
1483,soft_pvc
1484,soft_tiles
1485,soft_pvc
1486,soft_pvc
1487,concrete
1488,concrete
1489,hard_tiles
1490,hard_tiles_large_space
1491,wood
1492,fine_concrete
1493,wood
1494,hard_tiles_large_space
1495,soft_tiles
1496,wood
1497,wood
1498,fine_concrete
1499,concrete
1500,soft_pvc
1501,fine_concrete
1502,soft_pvc
1503,hard_tiles_large_space
1504,wood
1505,soft_pvc
1506,wood
1507,soft_pvc
1508,wood
1509,wood
1510,hard_tiles
1511,tiled
1512,carpet
1513,carpet
1514,hard_tiles_large_space
1515,wood
1516,carpet
1517,soft_tiles
1518,fine_concrete
1519,wood
1520,wood
1521,wood
1522,soft_tiles
1523,soft_tiles
1524,wood
1525,hard_tiles_large_space
1526,hard_tiles_large_space
1527,hard_tiles_large_space
1528,wood
1529,fine_concrete
1530,wood
1531,soft_tiles
1532,concrete
1533,soft_tiles
1534,concrete
1535,wood
1536,hard_tiles_large_space
1537,soft_pvc
1538,carpet
1539,concrete
1540,wood
1541,fine_concrete
1542,concrete
1543,wood
1544,soft_tiles
1545,soft_tiles
1546,tiled
1547,wood
1548,soft_tiles
1549,tiled
1550,wood
1551,hard_tiles_large_space
1552,soft_tiles
1553,wood
1554,tiled
1555,wood
1556,hard_tiles
1557,wood
1558,fine_concrete
1559,fine_concrete
1560,soft_tiles
1561,soft_tiles
1562,tiled
1563,tiled
1564,fine_concrete
1565,concrete
1566,wood
1567,concrete
1568,wood
1569,fine_concrete
1570,concrete
1571,concrete
1572,soft_tiles
1573,concrete
1574,hard_tiles_large_space
1575,soft_tiles
1576,soft_tiles
1577,hard_tiles_large_space
1578,tiled
1579,concrete
1580,carpet
1581,fine_concrete
1582,concrete
1583,carpet
1584,concrete
1585,concrete
1586,carpet
1587,carpet
1588,concrete
1589,concrete
1590,hard_tiles_large_space
1591,fine_concrete
1592,wood
1593,hard_tiles
1594,soft_pvc
1595,concrete
1596,wood
1597,soft_pvc
1598,wood
1599,hard_tiles_large_space
1600,hard_tiles
1601,concrete
1602,soft_tiles
1603,soft_tiles
1604,soft_tiles
1605,soft_pvc
1606,tiled
1607,concrete
1608,hard_tiles_large_space
1609,wood
1610,hard_tiles_large_space
1611,soft_pvc
1612,hard_tiles_large_space
1613,soft_pvc
1614,soft_tiles
1615,soft_tiles
1616,wood
1617,concrete
1618,soft_pvc
1619,fine_concrete
1620,fine_concrete
1621,hard_tiles_large_space
1622,tiled
1623,soft_tiles
1624,soft_tiles
1625,soft_pvc
1626,soft_tiles
1627,concrete
1628,hard_tiles_large_space
1629,concrete
1630,soft_tiles
1631,soft_tiles
1632,fine_concrete
1633,soft_pvc
1634,carpet
1635,wood
1636,soft_tiles
1637,soft_pvc
1638,hard_tiles_large_space
1639,soft_pvc
1640,wood
1641,soft_tiles
1642,fine_concrete
1643,fine_concrete
1644,wood
1645,soft_pvc
1646,soft_tiles
1647,concrete
1648,soft_tiles
1649,wood
1650,carpet
1651,hard_tiles_large_space
1652,hard_tiles_large_space
1653,soft_pvc
1654,soft_pvc
1655,wood
1656,soft_pvc
1657,wood
1658,soft_pvc
1659,wood
1660,soft_pvc
1661,soft_pvc
1662,concrete
1663,wood
1664,fine_concrete
1665,soft_pvc
1666,carpet
1667,concrete
1668,concrete
1669,carpet
1670,hard_tiles_large_space
1671,tiled
1672,hard_tiles_large_space
1673,soft_pvc
1674,soft_tiles
1675,soft_pvc
1676,concrete
1677,soft_tiles
1678,soft_tiles
1679,concrete
1680,soft_pvc
1681,fine_concrete
1682,tiled
1683,concrete
1684,wood
1685,tiled
1686,concrete
1687,concrete
1688,soft_tiles
1689,concrete
1690,hard_tiles_large_space
1691,soft_tiles
1692,soft_pvc
1693,tiled
1694,wood
1695,soft_pvc
1696,wood
1697,fine_concrete
1698,hard_tiles_large_space
1699,soft_pvc
1700,concrete
1701,carpet
1702,hard_tiles
1703,concrete
1704,soft_tiles
1705,concrete
1706,fine_concrete
1707,fine_concrete
1708,carpet
1709,hard_tiles_large_space
1710,concrete
1711,soft_tiles
1712,concrete
1713,carpet
1714,carpet
1715,wood
1716,soft_pvc
1717,wood
1718,soft_pvc
1719,soft_tiles
1720,concrete
1721,hard_tiles_large_space
1722,wood
1723,soft_tiles
1724,hard_tiles_large_space
1725,soft_tiles
1726,concrete
1727,tiled
1728,soft_pvc
1729,hard_tiles_large_space
1730,tiled
1731,soft_pvc
1732,tiled
1733,concrete
1734,fine_concrete
1735,concrete
1736,soft_tiles
1737,soft_pvc
1738,concrete
1739,concrete
1740,fine_concrete
1741,concrete
1742,concrete
1743,wood
1744,wood
1745,concrete
1746,carpet
1747,soft_tiles
1748,hard_tiles_large_space
1749,soft_pvc
1750,soft_pvc
1751,fine_concrete
1752,concrete
1753,hard_tiles_large_space
1754,concrete
1755,carpet
1756,concrete
1757,fine_concrete
1758,tiled
1759,wood
1760,carpet
1761,fine_concrete
1762,concrete
1763,soft_pvc
1764,concrete
1765,concrete
1766,hard_tiles_large_space
1767,fine_concrete
1768,soft_pvc
1769,concrete
1770,soft_pvc
1771,wood
1772,soft_tiles
1773,hard_tiles_large_space
1774,soft_tiles
1775,hard_tiles
1776,soft_tiles
1777,carpet
1778,carpet
1779,soft_tiles
1780,soft_pvc
1781,concrete
1782,carpet
1783,hard_tiles
1784,fine_concrete
1785,soft_tiles
1786,soft_tiles
1787,fine_concrete
1788,tiled
1789,soft_tiles
1790,soft_pvc
1791,fine_concrete
1792,fine_concrete
1793,soft_pvc
1794,fine_concrete
1795,hard_tiles_large_space
1796,hard_tiles_large_space
1797,concrete
1798,concrete
1799,soft_tiles
1800,concrete
1801,fine_concrete
1802,soft_pvc
1803,wood
1804,concrete
1805,soft_tiles
1806,concrete
1807,concrete
1808,soft_tiles
1809,concrete
1810,fine_concrete
1811,soft_tiles
1812,soft_pvc
1813,hard_tiles_large_space
1814,concrete
1815,wood
1816,soft_tiles
1817,hard_tiles
1818,soft_pvc
1819,fine_concrete
1820,soft_tiles
1821,soft_pvc
1822,soft_tiles
1823,hard_tiles_large_space
1824,fine_concrete
1825,soft_pvc
1826,wood
1827,concrete
1828,soft_tiles
1829,concrete
1830,tiled
1831,wood
1832,wood
1833,wood
1834,fine_concrete
1835,concrete
1836,concrete
1837,soft_pvc
1838,soft_tiles
1839,hard_tiles_large_space
1840,soft_tiles
1841,tiled
1842,soft_pvc
1843,hard_tiles_large_space
1844,concrete
1845,soft_tiles
1846,concrete
1847,carpet
1848,hard_tiles_large_space
1849,soft_tiles
1850,concrete
1851,concrete
1852,fine_concrete
1853,fine_concrete
1854,hard_tiles_large_space
1855,soft_pvc
1856,fine_concrete
1857,soft_tiles
1858,soft_pvc
1859,concrete
1860,concrete
1861,concrete
1862,concrete
1863,concrete
1864,fine_concrete
1865,concrete
1866,soft_pvc
1867,soft_tiles
1868,fine_concrete
1869,tiled
1870,fine_concrete
1871,fine_concrete
1872,concrete
1873,tiled
1874,fine_concrete
1875,fine_concrete
1876,concrete
1877,soft_pvc
1878,soft_tiles
1879,wood
1880,hard_tiles_large_space
1881,tiled
1882,wood
1883,soft_pvc
1884,fine_concrete
1885,tiled
1886,tiled
1887,hard_tiles_large_space
1888,soft_pvc
1889,concrete
1890,concrete
1891,wood
1892,concrete
1893,soft_tiles
1894,soft_pvc
1895,concrete
1896,concrete
1897,wood
1898,concrete
1899,hard_tiles_large_space
1900,soft_pvc
1901,fine_concrete
1902,wood
1903,hard_tiles_large_space
1904,tiled
1905,fine_concrete
1906,concrete
1907,wood
1908,tiled
1909,soft_tiles
1910,wood
1911,hard_tiles_large_space
1912,carpet
1913,fine_concrete
1914,wood
1915,soft_pvc
1916,soft_tiles
1917,soft_tiles
1918,concrete
1919,soft_tiles
1920,wood
1921,concrete
1922,soft_pvc
1923,concrete
1924,fine_concrete
1925,concrete
1926,hard_tiles_large_space
1927,tiled
1928,tiled
1929,soft_pvc
1930,concrete
1931,concrete
1932,soft_tiles
1933,tiled
1934,wood
1935,carpet
1936,hard_tiles_large_space
1937,soft_pvc
1938,concrete
1939,fine_concrete
1940,concrete
1941,soft_tiles
1942,concrete
1943,wood
1944,hard_tiles_large_space
1945,soft_tiles
1946,soft_tiles
1947,concrete
1948,concrete
1949,wood
1950,soft_pvc
1951,carpet
1952,wood
1953,hard_tiles_large_space
1954,soft_tiles
1955,fine_concrete
1956,soft_pvc
1957,concrete
1958,hard_tiles_large_space
1959,soft_pvc
1960,concrete
1961,wood
1962,concrete
1963,wood
1964,concrete
1965,concrete
1966,hard_tiles_large_space
1967,wood
1968,soft_pvc
1969,wood
1970,soft_tiles
1971,soft_pvc
1972,concrete
1973,carpet
1974,tiled
1975,soft_tiles
1976,soft_pvc
1977,hard_tiles_large_space
1978,tiled
1979,concrete
1980,soft_tiles
1981,concrete
1982,soft_pvc
1983,concrete
1984,concrete
1985,wood
1986,soft_pvc
1987,carpet
1988,soft_pvc
1989,wood
1990,wood
1991,fine_concrete
1992,soft_pvc
1993,concrete
1994,hard_tiles_large_space
1995,hard_tiles
1996,concrete
1997,fine_concrete
1998,wood
1999,fine_concrete
2000,soft_pvc
2001,soft_pvc
2002,carpet
2003,soft_tiles
2004,concrete
2005,fine_concrete
2006,soft_pvc
2007,concrete
2008,soft_pvc
2009,fine_concrete
2010,wood
2011,wood
2012,soft_pvc
2013,wood
2014,soft_pvc
2015,hard_tiles_large_space
2016,wood
2017,soft_tiles
2018,soft_tiles
2019,soft_pvc
2020,fine_concrete
2021,soft_tiles
2022,soft_pvc
2023,fine_concrete
2024,soft_tiles
2025,wood
2026,tiled
2027,hard_tiles_large_space
2028,fine_concrete
2029,carpet
2030,tiled
2031,soft_pvc
2032,wood
2033,concrete
2034,carpet
2035,fine_concrete
2036,hard_tiles_large_space
2037,soft_pvc
2038,carpet
2039,tiled
2040,concrete
2041,concrete
2042,fine_concrete
2043,carpet
2044,tiled
2045,concrete
2046,soft_pvc
2047,tiled
2048,fine_concrete
2049,concrete
2050,tiled
2051,soft_pvc
2052,concrete
2053,soft_tiles
2054,hard_tiles_large_space
2055,wood
2056,soft_pvc
2057,soft_tiles
2058,concrete
2059,concrete
2060,concrete
2061,soft_pvc
2062,fine_concrete
2063,concrete
2064,soft_tiles
2065,soft_pvc
2066,concrete
2067,soft_pvc
2068,concrete
2069,concrete
2070,concrete
2071,wood
2072,concrete
2073,soft_pvc
2074,wood
2075,concrete
2076,fine_concrete
2077,concrete
2078,soft_tiles
2079,fine_concrete
2080,tiled
2081,soft_tiles
2082,wood
2083,concrete
2084,concrete
2085,concrete
2086,soft_tiles
2087,wood
2088,fine_concrete
2089,wood
2090,concrete
2091,soft_pvc
2092,concrete
2093,soft_pvc
2094,hard_tiles
2095,hard_tiles
2096,soft_tiles
2097,fine_concrete
2098,soft_pvc
2099,hard_tiles_large_space
2100,concrete
2101,concrete
2102,concrete
2103,wood
2104,wood
2105,soft_pvc
2106,soft_pvc
2107,hard_tiles_large_space
2108,hard_tiles_large_space
2109,concrete
2110,wood
2111,soft_pvc
2112,concrete
2113,soft_tiles
2114,soft_tiles
2115,soft_tiles
2116,wood
2117,concrete
2118,concrete
2119,soft_pvc
2120,wood
2121,wood
2122,soft_tiles
2123,fine_concrete
2124,soft_pvc
2125,soft_tiles
2126,fine_concrete
2127,concrete
2128,concrete
2129,concrete
2130,wood
2131,fine_concrete
2132,concrete
2133,hard_tiles_large_space
2134,wood
2135,fine_concrete
2136,hard_tiles_large_space
2137,soft_tiles
2138,concrete
2139,hard_tiles_large_space
2140,concrete
2141,soft_pvc
2142,soft_pvc
2143,tiled
2144,soft_tiles
2145,carpet
2146,soft_tiles
2147,soft_tiles
2148,concrete
2149,soft_tiles
2150,wood
2151,fine_concrete
2152,concrete
2153,wood
2154,soft_tiles
2155,soft_tiles
2156,hard_tiles_large_space
2157,wood
2158,soft_tiles
2159,fine_concrete
2160,soft_tiles
2161,soft_pvc
2162,concrete
2163,hard_tiles_large_space
2164,hard_tiles_large_space
2165,wood
2166,soft_pvc
2167,carpet
2168,soft_tiles
2169,tiled
2170,soft_tiles
2171,soft_tiles
2172,soft_pvc
2173,soft_tiles
2174,fine_concrete
2175,wood
2176,concrete
2177,hard_tiles_large_space
2178,hard_tiles_large_space
2179,tiled
2180,concrete
2181,concrete
2182,concrete
2183,wood
2184,concrete
2185,tiled
2186,hard_tiles
2187,wood
2188,soft_tiles
2189,wood
2190,concrete
2191,soft_tiles
2192,carpet
2193,wood
2194,soft_tiles
2195,tiled
2196,soft_pvc
2197,soft_pvc
2198,soft_tiles
2199,hard_tiles_large_space
2200,soft_tiles
2201,soft_tiles
2202,concrete
2203,concrete
2204,carpet
2205,concrete
2206,wood
2207,fine_concrete
2208,soft_tiles
2209,fine_concrete
2210,soft_pvc
2211,soft_pvc
2212,hard_tiles_large_space
2213,wood
2214,fine_concrete
2215,hard_tiles_large_space
2216,concrete
2217,soft_tiles
2218,soft_pvc
2219,hard_tiles_large_space
2220,wood
2221,wood
2222,tiled
2223,wood
2224,concrete
2225,concrete
2226,soft_pvc
2227,wood
2228,fine_concrete
2229,fine_concrete
2230,fine_concrete
2231,wood
2232,soft_pvc
2233,soft_pvc
2234,concrete
2235,hard_tiles_large_space
2236,soft_tiles
2237,carpet
2238,wood
2239,soft_pvc
2240,wood
2241,carpet
2242,concrete
2243,concrete
2244,soft_pvc
2245,soft_pvc
2246,fine_concrete
2247,wood
2248,wood
2249,hard_tiles_large_space
2250,soft_tiles
2251,carpet
2252,hard_tiles
2253,fine_concrete
2254,concrete
2255,fine_concrete
2256,tiled
2257,wood
2258,soft_tiles
2259,soft_pvc
2260,soft_pvc
2261,hard_tiles
2262,wood
2263,hard_tiles
2264,wood
2265,hard_tiles_large_space
2266,soft_pvc
2267,hard_tiles_large_space
2268,hard_tiles_large_space
2269,wood
2270,soft_pvc
2271,soft_tiles
2272,soft_pvc
2273,carpet
2274,concrete
2275,wood
2276,tiled
2277,tiled
2278,hard_tiles_large_space
2279,wood
2280,hard_tiles_large_space
2281,fine_concrete
2282,fine_concrete
2283,tiled
2284,wood
2285,concrete
2286,fine_concrete
2287,tiled
2288,concrete
2289,concrete
2290,concrete
2291,wood
2292,tiled
2293,hard_tiles_large_space
2294,fine_concrete
2295,concrete
2296,wood
2297,soft_tiles
2298,fine_concrete
2299,soft_pvc
2300,soft_pvc
2301,fine_concrete
2302,soft_pvc
2303,soft_pvc
2304,tiled
2305,concrete
2306,soft_pvc
2307,soft_pvc
2308,fine_concrete
2309,fine_concrete
2310,soft_pvc
2311,concrete
2312,soft_pvc
2313,soft_tiles
2314,fine_concrete
2315,wood
2316,fine_concrete
2317,wood
2318,wood
2319,fine_concrete
2320,soft_pvc
2321,soft_tiles
2322,hard_tiles
2323,soft_pvc
2324,wood
2325,concrete
2326,hard_tiles_large_space
2327,soft_pvc
2328,wood
2329,fine_concrete
2330,soft_pvc
2331,soft_pvc
2332,soft_pvc
2333,soft_pvc
2334,soft_pvc
2335,wood
2336,hard_tiles_large_space
2337,soft_pvc
2338,fine_concrete
2339,wood
2340,concrete
2341,fine_concrete
2342,wood
2343,hard_tiles_large_space
2344,concrete
2345,soft_tiles
2346,concrete
2347,tiled
2348,fine_concrete
2349,concrete
2350,soft_tiles
2351,concrete
2352,soft_tiles
2353,wood
2354,soft_tiles
2355,soft_tiles
2356,soft_pvc
2357,fine_concrete
2358,wood
2359,wood
2360,hard_tiles_large_space
2361,wood
2362,wood
2363,fine_concrete
2364,soft_pvc
2365,fine_concrete
2366,fine_concrete
2367,carpet
2368,wood
2369,wood
2370,soft_tiles
2371,soft_pvc
2372,hard_tiles_large_space
2373,hard_tiles_large_space
2374,soft_pvc
2375,soft_pvc
2376,fine_concrete
2377,concrete
2378,hard_tiles_large_space
2379,fine_concrete
2380,concrete
2381,soft_tiles
2382,hard_tiles_large_space
2383,soft_pvc
2384,hard_tiles_large_space
2385,concrete
2386,tiled
2387,carpet
2388,wood
2389,soft_pvc
2390,soft_pvc
2391,soft_tiles
2392,soft_pvc
2393,carpet
2394,soft_pvc
2395,soft_pvc
2396,fine_concrete
2397,concrete
2398,fine_concrete
2399,hard_tiles
2400,wood
2401,hard_tiles_large_space
2402,tiled
2403,carpet
2404,hard_tiles_large_space
2405,concrete
2406,wood
2407,soft_pvc
2408,concrete
2409,concrete
2410,soft_pvc
2411,soft_pvc
2412,tiled
2413,concrete
2414,hard_tiles
2415,fine_concrete
2416,hard_tiles_large_space
2417,tiled
2418,soft_pvc
2419,soft_pvc
2420,carpet
2421,soft_pvc
2422,tiled
2423,fine_concrete
2424,soft_tiles
2425,concrete
2426,wood
2427,concrete
2428,concrete
2429,wood
2430,hard_tiles
2431,hard_tiles_large_space
2432,hard_tiles_large_space
2433,concrete
2434,fine_concrete
2435,soft_tiles
2436,concrete
2437,hard_tiles_large_space
2438,wood
2439,soft_pvc
2440,fine_concrete
2441,soft_pvc
2442,hard_tiles_large_space
2443,fine_concrete
2444,hard_tiles_large_space
2445,soft_pvc
2446,concrete
2447,soft_pvc
2448,hard_tiles_large_space
2449,wood
2450,concrete
2451,concrete
2452,soft_pvc
2453,fine_concrete
2454,concrete
2455,hard_tiles_large_space
2456,wood
2457,concrete
2458,soft_tiles
2459,concrete
2460,wood
2461,wood
2462,soft_tiles
2463,hard_tiles_large_space
2464,wood
2465,fine_concrete
2466,carpet
2467,fine_concrete
2468,concrete
2469,fine_concrete
2470,wood
2471,hard_tiles_large_space
2472,soft_pvc
2473,concrete
2474,soft_tiles
2475,soft_pvc
2476,hard_tiles_large_space
2477,hard_tiles_large_space
2478,hard_tiles_large_space
2479,soft_tiles
2480,concrete
2481,soft_tiles
2482,hard_tiles_large_space
2483,wood
2484,carpet
2485,hard_tiles_large_space
2486,fine_concrete
2487,soft_pvc
2488,concrete
2489,carpet
2490,concrete
2491,concrete
2492,soft_pvc
2493,concrete
2494,concrete
2495,concrete
2496,soft_tiles
2497,fine_concrete
2498,wood
2499,concrete
2500,carpet
2501,concrete
2502,soft_tiles
2503,hard_tiles_large_space
2504,fine_concrete
2505,soft_pvc
2506,concrete
2507,concrete
2508,concrete
2509,fine_concrete
2510,wood
2511,concrete
2512,tiled
2513,soft_tiles
2514,fine_concrete
2515,fine_concrete
2516,soft_pvc
2517,carpet
2518,soft_pvc
2519,hard_tiles_large_space
2520,soft_tiles
2521,fine_concrete
2522,soft_pvc
2523,wood
2524,soft_pvc
2525,wood
2526,wood
2527,hard_tiles_large_space
2528,hard_tiles
2529,soft_pvc
2530,wood
2531,soft_tiles
2532,fine_concrete
2533,hard_tiles_large_space
2534,concrete
2535,soft_pvc
2536,wood
2537,soft_tiles
2538,soft_tiles
2539,soft_pvc
2540,hard_tiles_large_space
2541,fine_concrete
2542,carpet
2543,hard_tiles_large_space
2544,wood
2545,concrete
2546,wood
2547,fine_concrete
2548,wood
2549,tiled
2550,wood
2551,soft_tiles
2552,wood
2553,soft_pvc
2554,hard_tiles_large_space
2555,soft_pvc
2556,concrete
2557,concrete
2558,wood
2559,fine_concrete
2560,hard_tiles_large_space
2561,soft_tiles
2562,concrete
2563,tiled
2564,wood
2565,fine_concrete
2566,concrete
2567,fine_concrete
2568,concrete
2569,wood
2570,hard_tiles_large_space
2571,soft_pvc
2572,soft_pvc
2573,fine_concrete
2574,wood
2575,wood
2576,soft_tiles
2577,hard_tiles_large_space
2578,soft_tiles
2579,fine_concrete
2580,fine_concrete
2581,concrete
2582,wood
2583,concrete
2584,soft_pvc
2585,soft_pvc
2586,concrete
2587,concrete
2588,concrete
2589,soft_pvc
2590,soft_tiles
2591,concrete
2592,soft_pvc
2593,carpet
2594,tiled
2595,soft_tiles
2596,soft_tiles
2597,wood
2598,fine_concrete
2599,hard_tiles_large_space
2600,soft_pvc
2601,concrete
2602,hard_tiles
2603,concrete
2604,wood
2605,concrete
2606,soft_pvc
2607,concrete
2608,carpet
2609,hard_tiles_large_space
2610,concrete
2611,fine_concrete
2612,fine_concrete
2613,concrete
2614,soft_pvc
2615,fine_concrete
2616,fine_concrete
2617,fine_concrete
2618,soft_pvc
2619,carpet
2620,wood
2621,wood
2622,soft_pvc
2623,hard_tiles_large_space
2624,wood
2625,fine_concrete
2626,soft_pvc
2627,concrete
2628,soft_pvc
2629,hard_tiles
2630,concrete
2631,tiled
2632,hard_tiles_large_space
2633,wood
2634,concrete
2635,fine_concrete
2636,carpet
2637,concrete
2638,concrete
2639,wood
2640,concrete
2641,fine_concrete
2642,soft_tiles
2643,hard_tiles_large_space
2644,fine_concrete
2645,wood
2646,soft_pvc
2647,soft_tiles
2648,concrete
2649,fine_concrete
2650,tiled
2651,fine_concrete
2652,hard_tiles_large_space
2653,hard_tiles
2654,soft_pvc
2655,concrete
2656,concrete
2657,soft_pvc
2658,hard_tiles_large_space
2659,soft_tiles
2660,fine_concrete
2661,carpet
2662,wood
2663,fine_concrete
2664,fine_concrete
2665,concrete
2666,soft_pvc
2667,soft_pvc
2668,hard_tiles_large_space
2669,soft_pvc
2670,fine_concrete
2671,concrete
2672,concrete
2673,soft_pvc
2674,soft_tiles
2675,concrete
2676,soft_tiles
2677,soft_pvc
2678,hard_tiles_large_space
2679,soft_pvc
2680,soft_tiles
2681,carpet
2682,soft_tiles
2683,concrete
2684,concrete
2685,concrete
2686,soft_pvc
2687,tiled
2688,carpet
2689,wood
2690,carpet
2691,carpet
2692,soft_pvc
2693,soft_pvc
2694,fine_concrete
2695,tiled
2696,wood
2697,hard_tiles_large_space
2698,fine_concrete
2699,soft_tiles
2700,tiled
2701,fine_concrete
2702,carpet
2703,fine_concrete
2704,hard_tiles_large_space
2705,soft_pvc
2706,concrete
2707,carpet
2708,hard_tiles_large_space
2709,soft_pvc
2710,soft_pvc
2711,hard_tiles_large_space
2712,wood
2713,soft_pvc
2714,concrete
2715,soft_pvc
2716,hard_tiles_large_space
2717,hard_tiles_large_space
2718,tiled
2719,carpet
2720,soft_tiles
2721,tiled
2722,soft_tiles
2723,carpet
2724,wood
2725,fine_concrete
2726,tiled
2727,soft_pvc
2728,soft_tiles
2729,concrete
2730,wood
2731,fine_concrete
2732,concrete
2733,fine_concrete
2734,hard_tiles_large_space
2735,concrete
2736,hard_tiles_large_space
2737,fine_concrete
2738,fine_concrete
2739,fine_concrete
2740,concrete
2741,carpet
2742,tiled
2743,concrete
2744,soft_tiles
2745,hard_tiles
2746,hard_tiles_large_space
2747,concrete
2748,soft_pvc
2749,soft_pvc
2750,soft_pvc
2751,soft_pvc
2752,concrete
2753,soft_pvc
2754,fine_concrete
2755,hard_tiles_large_space
2756,tiled
2757,soft_pvc
2758,concrete
2759,soft_pvc
2760,concrete
2761,fine_concrete
2762,fine_concrete
2763,hard_tiles_large_space
2764,soft_tiles
2765,concrete
2766,concrete
2767,soft_pvc
2768,hard_tiles_large_space
2769,concrete
2770,hard_tiles_large_space
2771,hard_tiles_large_space
2772,soft_pvc
2773,wood
2774,concrete
2775,wood
2776,soft_tiles
2777,soft_pvc
2778,concrete
2779,wood
2780,fine_concrete
2781,soft_pvc
2782,soft_pvc
2783,concrete
2784,fine_concrete
2785,tiled
2786,soft_tiles
2787,fine_concrete
2788,hard_tiles_large_space
2789,soft_pvc
2790,hard_tiles_large_space
2791,wood
2792,soft_tiles
2793,concrete
2794,soft_tiles
2795,soft_tiles
2796,concrete
2797,soft_pvc
2798,fine_concrete
2799,carpet
2800,carpet
2801,concrete
2802,fine_concrete
2803,fine_concrete
2804,concrete
2805,concrete
2806,concrete
2807,hard_tiles_large_space
2808,wood
2809,soft_pvc
2810,soft_tiles
2811,fine_concrete
2812,hard_tiles_large_space
2813,soft_tiles
2814,concrete
2815,soft_tiles
2816,wood
2817,carpet
2818,fine_concrete
2819,fine_concrete
2820,wood
2821,concrete
2822,soft_pvc
2823,soft_pvc
2824,concrete
2825,wood
2826,soft_pvc
2827,hard_tiles_large_space
2828,soft_tiles
2829,tiled
2830,concrete
2831,tiled
2832,fine_concrete
2833,hard_tiles_large_space
2834,tiled
2835,soft_pvc
2836,soft_tiles
2837,fine_concrete
2838,fine_concrete
2839,soft_pvc
2840,wood
2841,hard_tiles
2842,concrete
2843,fine_concrete
2844,soft_pvc
2845,soft_pvc
2846,hard_tiles
2847,concrete
2848,concrete
2849,hard_tiles_large_space
2850,wood
2851,carpet
2852,soft_pvc
2853,wood
2854,wood
2855,fine_concrete
2856,concrete
2857,wood
2858,hard_tiles_large_space
2859,soft_pvc
2860,concrete
2861,wood
2862,carpet
2863,hard_tiles_large_space
2864,soft_pvc
2865,concrete
2866,soft_tiles
2867,tiled
2868,soft_pvc
2869,hard_tiles
2870,fine_concrete
2871,concrete
2872,hard_tiles_large_space
2873,carpet
2874,hard_tiles_large_space
2875,tiled
2876,soft_pvc
2877,carpet
2878,hard_tiles_large_space
2879,wood
2880,carpet
2881,fine_concrete
2882,carpet
2883,soft_tiles
2884,concrete
2885,wood
2886,fine_concrete
2887,soft_tiles
2888,tiled
2889,soft_pvc
2890,soft_tiles
2891,fine_concrete
2892,soft_tiles
2893,hard_tiles_large_space
2894,hard_tiles_large_space
2895,fine_concrete
2896,soft_tiles
2897,soft_tiles
2898,soft_pvc
2899,concrete
2900,soft_pvc
2901,soft_tiles
2902,concrete
2903,concrete
2904,wood
2905,hard_tiles
2906,tiled
2907,wood
2908,soft_pvc
2909,soft_pvc
2910,wood
2911,tiled
2912,tiled
2913,wood
2914,concrete
2915,wood
2916,hard_tiles
2917,concrete
2918,fine_concrete
2919,fine_concrete
2920,soft_pvc
2921,soft_tiles
2922,concrete
2923,fine_concrete
2924,soft_pvc
2925,carpet
2926,hard_tiles_large_space
2927,soft_tiles
2928,soft_pvc
2929,soft_pvc
2930,concrete
2931,fine_concrete
2932,tiled
2933,fine_concrete
2934,soft_pvc
2935,fine_concrete
2936,fine_concrete
2937,wood
2938,fine_concrete
2939,tiled
2940,concrete
2941,fine_concrete
2942,hard_tiles_large_space
2943,concrete
2944,wood
2945,soft_pvc
2946,soft_pvc
2947,wood
2948,concrete
2949,concrete
2950,hard_tiles
2951,concrete
2952,wood
2953,hard_tiles_large_space
2954,hard_tiles_large_space
2955,soft_tiles
2956,carpet
2957,hard_tiles_large_space
2958,wood
2959,soft_pvc
2960,concrete
2961,hard_tiles_large_space
2962,concrete
2963,soft_pvc
2964,soft_tiles
2965,soft_tiles
2966,wood
2967,wood
2968,concrete
2969,carpet
2970,wood
2971,wood
2972,soft_tiles
2973,concrete
2974,fine_concrete
2975,soft_tiles
2976,carpet
2977,tiled
2978,concrete
2979,soft_pvc
2980,fine_concrete
2981,concrete
2982,soft_pvc
2983,hard_tiles_large_space
2984,soft_pvc
2985,soft_pvc
2986,concrete
2987,hard_tiles
2988,hard_tiles_large_space
2989,fine_concrete
2990,soft_pvc
2991,concrete
2992,wood
2993,hard_tiles_large_space
2994,fine_concrete
2995,soft_tiles
2996,tiled
2997,concrete
2998,hard_tiles_large_space
2999,soft_pvc
3000,wood
3001,soft_tiles
3002,wood
3003,hard_tiles_large_space
3004,fine_concrete
3005,fine_concrete
3006,fine_concrete
3007,soft_tiles
3008,soft_tiles
3009,soft_pvc
3010,wood
3011,soft_pvc
3012,carpet
3013,soft_pvc
3014,carpet
3015,concrete
3016,carpet
3017,fine_concrete
3018,tiled
3019,soft_pvc
3020,wood
3021,concrete
3022,tiled
3023,soft_tiles
3024,soft_pvc
3025,tiled
3026,fine_concrete
3027,fine_concrete
3028,wood
3029,soft_pvc
3030,soft_tiles
3031,concrete
3032,concrete
3033,hard_tiles_large_space
3034,carpet
3035,fine_concrete
3036,wood
3037,fine_concrete
3038,soft_tiles
3039,soft_pvc
3040,soft_pvc
3041,concrete
3042,hard_tiles_large_space
3043,concrete
3044,concrete
3045,wood
3046,fine_concrete
3047,hard_tiles_large_space
3048,wood
3049,fine_concrete
3050,wood
3051,wood
3052,concrete
3053,concrete
3054,hard_tiles_large_space
3055,concrete
3056,wood
3057,soft_tiles
3058,concrete
3059,soft_pvc
3060,concrete
3061,carpet
3062,soft_tiles
3063,tiled
3064,wood
3065,hard_tiles_large_space
3066,soft_pvc
3067,concrete
3068,concrete
3069,wood
3070,concrete
3071,hard_tiles_large_space
3072,concrete
3073,fine_concrete
3074,soft_pvc
3075,soft_pvc
3076,soft_tiles
3077,concrete
3078,hard_tiles_large_space
3079,soft_pvc
3080,soft_tiles
3081,hard_tiles_large_space
3082,concrete
3083,fine_concrete
3084,soft_tiles
3085,wood
3086,hard_tiles_large_space
3087,wood
3088,soft_pvc
3089,hard_tiles_large_space
3090,fine_concrete
3091,fine_concrete
3092,soft_pvc
3093,wood
3094,concrete
3095,hard_tiles_large_space
3096,hard_tiles
3097,concrete
3098,fine_concrete
3099,soft_pvc
3100,wood
3101,soft_pvc
3102,soft_pvc
3103,wood
3104,soft_pvc
3105,carpet
3106,hard_tiles_large_space
3107,carpet
3108,wood
3109,soft_tiles
3110,soft_tiles
3111,fine_concrete
3112,soft_tiles
3113,soft_tiles
3114,soft_pvc
3115,concrete
3116,hard_tiles_large_space
3117,wood
3118,concrete
3119,hard_tiles_large_space
3120,concrete
3121,soft_pvc
3122,hard_tiles_large_space
3123,soft_tiles
3124,hard_tiles_large_space
3125,concrete
3126,fine_concrete
3127,hard_tiles_large_space
3128,wood
3129,soft_pvc
3130,hard_tiles_large_space
3131,concrete
3132,wood
3133,soft_pvc
3134,concrete
3135,hard_tiles_large_space
3136,concrete
3137,hard_tiles_large_space
3138,fine_concrete
3139,fine_concrete
3140,soft_pvc
3141,soft_pvc
3142,wood
3143,fine_concrete
3144,wood
3145,soft_pvc
3146,hard_tiles
3147,wood
3148,fine_concrete
3149,wood
3150,hard_tiles_large_space
3151,soft_tiles
3152,concrete
3153,fine_concrete
3154,wood
3155,wood
3156,hard_tiles_large_space
3157,concrete
3158,concrete
3159,concrete
3160,concrete
3161,fine_concrete
3162,concrete
3163,wood
3164,fine_concrete
3165,hard_tiles_large_space
3166,soft_tiles
3167,soft_tiles
3168,wood
3169,soft_pvc
3170,hard_tiles
3171,concrete
3172,soft_tiles
3173,concrete
3174,fine_concrete
3175,fine_concrete
3176,soft_pvc
3177,hard_tiles_large_space
3178,concrete
3179,concrete
3180,wood
3181,hard_tiles_large_space
3182,soft_pvc
3183,concrete
3184,concrete
3185,hard_tiles
3186,soft_pvc
3187,hard_tiles_large_space
3188,soft_tiles
3189,carpet
3190,carpet
3191,concrete
3192,carpet
3193,fine_concrete
3194,hard_tiles
3195,concrete
3196,fine_concrete
3197,fine_concrete
3198,concrete
3199,concrete
3200,fine_concrete
3201,hard_tiles_large_space
3202,hard_tiles_large_space
3203,concrete
3204,concrete
3205,hard_tiles_large_space
3206,fine_concrete
3207,soft_pvc
3208,soft_tiles
3209,fine_concrete
3210,soft_pvc
3211,wood
3212,concrete
3213,concrete
3214,hard_tiles_large_space
3215,soft_tiles
3216,fine_concrete
3217,soft_pvc
3218,soft_tiles
3219,tiled
3220,fine_concrete
3221,carpet
3222,fine_concrete
3223,soft_pvc
3224,tiled
3225,soft_tiles
3226,concrete
3227,soft_tiles
3228,soft_pvc
3229,soft_pvc
3230,fine_concrete
3231,soft_tiles
3232,soft_pvc
3233,soft_pvc
3234,concrete
3235,soft_tiles
3236,soft_pvc
3237,hard_tiles_large_space
3238,soft_tiles
3239,carpet
3240,soft_pvc
3241,concrete
3242,soft_pvc
3243,carpet
3244,concrete
3245,concrete
3246,hard_tiles_large_space
3247,concrete
3248,wood
3249,concrete
3250,soft_tiles
3251,hard_tiles_large_space
3252,wood
3253,concrete
3254,wood
3255,concrete
3256,wood
3257,wood
3258,fine_concrete
3259,wood
3260,fine_concrete
3261,fine_concrete
3262,hard_tiles
3263,concrete
3264,wood
3265,fine_concrete
3266,tiled
3267,concrete
3268,soft_pvc
3269,soft_tiles
3270,tiled
3271,soft_pvc
3272,hard_tiles_large_space
3273,fine_concrete
3274,concrete
3275,soft_pvc
3276,hard_tiles
3277,fine_concrete
3278,wood
3279,concrete
3280,fine_concrete
3281,hard_tiles_large_space
3282,wood
3283,concrete
3284,carpet
3285,soft_pvc
3286,hard_tiles
3287,concrete
3288,fine_concrete
3289,soft_pvc
3290,concrete
3291,soft_tiles
3292,concrete
3293,carpet
3294,concrete
3295,wood
3296,hard_tiles_large_space
3297,hard_tiles_large_space
3298,concrete
3299,wood
3300,hard_tiles
3301,tiled
3302,soft_pvc
3303,concrete
3304,tiled
3305,fine_concrete
3306,concrete
3307,concrete
3308,wood
3309,concrete
3310,soft_tiles
3311,soft_pvc
3312,tiled
3313,wood
3314,wood
3315,wood
3316,hard_tiles_large_space
3317,carpet
3318,fine_concrete
3319,concrete
3320,hard_tiles
3321,soft_tiles
3322,wood
3323,hard_tiles_large_space
3324,soft_pvc
3325,hard_tiles_large_space
3326,soft_tiles
3327,fine_concrete
3328,soft_tiles
3329,fine_concrete
3330,soft_pvc
3331,concrete
3332,concrete
3333,soft_pvc
3334,hard_tiles_large_space
3335,wood
3336,hard_tiles_large_space
3337,soft_pvc
3338,soft_pvc
3339,soft_pvc
3340,soft_pvc
3341,soft_pvc
3342,hard_tiles_large_space
3343,fine_concrete
3344,wood
3345,hard_tiles_large_space
3346,wood
3347,soft_pvc
3348,concrete
3349,hard_tiles
3350,wood
3351,soft_pvc
3352,concrete
3353,hard_tiles
3354,fine_concrete
3355,soft_pvc
3356,fine_concrete
3357,soft_tiles
3358,hard_tiles_large_space
3359,concrete
3360,concrete
3361,wood
3362,concrete
3363,carpet
3364,fine_concrete
3365,tiled
3366,hard_tiles_large_space
3367,carpet
3368,soft_tiles
3369,soft_pvc
3370,fine_concrete
3371,fine_concrete
3372,wood
3373,concrete
3374,wood
3375,hard_tiles
3376,soft_pvc
3377,tiled
3378,hard_tiles
3379,wood
3380,soft_pvc
3381,concrete
3382,concrete
3383,soft_pvc
3384,wood
3385,concrete
3386,concrete
3387,hard_tiles
3388,soft_pvc
3389,concrete
3390,tiled
3391,soft_pvc
3392,fine_concrete
3393,soft_tiles
3394,tiled
3395,tiled
3396,soft_pvc
3397,soft_tiles
3398,hard_tiles_large_space
3399,wood
3400,soft_tiles
3401,soft_tiles
3402,wood
3403,wood
3404,hard_tiles_large_space
3405,fine_concrete
3406,soft_pvc
3407,wood
3408,tiled
3409,fine_concrete
3410,tiled
3411,soft_pvc
3412,concrete
3413,fine_concrete
3414,fine_concrete
3415,concrete
3416,wood
3417,hard_tiles_large_space
3418,concrete
3419,concrete
3420,carpet
3421,tiled
3422,tiled
3423,wood
3424,wood
3425,concrete
3426,concrete
3427,fine_concrete
3428,soft_pvc
3429,concrete
3430,concrete
3431,concrete
3432,concrete
3433,tiled
3434,hard_tiles_large_space
3435,soft_tiles
3436,carpet
3437,carpet
3438,soft_pvc
3439,fine_concrete
3440,soft_tiles
3441,wood
3442,hard_tiles
3443,hard_tiles_large_space
3444,concrete
3445,soft_pvc
3446,wood
3447,carpet
3448,soft_pvc
3449,soft_tiles
3450,soft_pvc
3451,hard_tiles_large_space
3452,fine_concrete
3453,soft_pvc
3454,wood
3455,carpet
3456,fine_concrete
3457,soft_pvc
3458,carpet
3459,soft_pvc
3460,tiled
3461,concrete
3462,soft_pvc
3463,hard_tiles_large_space
3464,concrete
3465,wood
3466,hard_tiles_large_space
3467,soft_pvc
3468,tiled
3469,concrete
3470,wood
3471,fine_concrete
3472,concrete
3473,hard_tiles_large_space
3474,concrete
3475,wood
3476,wood
3477,soft_tiles
3478,soft_pvc
3479,soft_pvc
3480,fine_concrete
3481,concrete
3482,fine_concrete
3483,fine_concrete
3484,wood
3485,carpet
3486,carpet
3487,soft_pvc
3488,tiled
3489,soft_pvc
3490,fine_concrete
3491,carpet
3492,tiled
3493,soft_pvc
3494,wood
3495,tiled
3496,soft_pvc
3497,soft_pvc
3498,hard_tiles_large_space
3499,soft_tiles
3500,hard_tiles_large_space
3501,wood
3502,wood
3503,hard_tiles_large_space
3504,soft_pvc
3505,fine_concrete
3506,fine_concrete
3507,hard_tiles_large_space
3508,soft_pvc
3509,fine_concrete
3510,concrete
3511,concrete
3512,hard_tiles_large_space
3513,concrete
3514,hard_tiles_large_space
3515,soft_pvc
3516,soft_tiles
3517,concrete
3518,wood
3519,soft_pvc
3520,soft_pvc
3521,wood
3522,tiled
3523,wood
3524,wood
3525,soft_pvc
3526,fine_concrete
3527,tiled
3528,fine_concrete
3529,hard_tiles_large_space
3530,soft_tiles
3531,soft_tiles
3532,wood
3533,soft_pvc
3534,wood
3535,soft_tiles
3536,hard_tiles_large_space
3537,hard_tiles_large_space
3538,concrete
3539,concrete
3540,fine_concrete
3541,concrete
3542,fine_concrete
3543,wood
3544,hard_tiles_large_space
3545,wood
3546,fine_concrete
3547,hard_tiles
3548,concrete
3549,soft_tiles
3550,hard_tiles_large_space
3551,fine_concrete
3552,soft_tiles
3553,wood
3554,soft_tiles
3555,concrete
3556,wood
3557,concrete
3558,hard_tiles
3559,carpet
3560,hard_tiles_large_space
3561,concrete
3562,soft_pvc
3563,carpet
3564,soft_pvc
3565,soft_tiles
3566,soft_pvc
3567,soft_tiles
3568,soft_tiles
3569,concrete
3570,soft_pvc
3571,soft_tiles
3572,fine_concrete
3573,concrete
3574,concrete
3575,concrete
3576,hard_tiles
3577,concrete
3578,soft_tiles
3579,tiled
3580,wood
3581,concrete
3582,soft_pvc
3583,soft_pvc
3584,hard_tiles
3585,carpet
3586,fine_concrete
3587,soft_tiles
3588,soft_tiles
3589,wood
3590,hard_tiles
3591,hard_tiles_large_space
3592,fine_concrete
3593,soft_pvc
3594,concrete
3595,hard_tiles_large_space
3596,fine_concrete
3597,wood
3598,soft_pvc
3599,concrete
3600,hard_tiles_large_space
3601,tiled
3602,soft_pvc
3603,soft_tiles
3604,concrete
3605,concrete
3606,concrete
3607,hard_tiles_large_space
3608,hard_tiles
3609,concrete
3610,concrete
3611,carpet
3612,wood
3613,wood
3614,concrete
3615,tiled
3616,soft_pvc
3617,hard_tiles
3618,fine_concrete
3619,tiled
3620,hard_tiles_large_space
3621,hard_tiles_large_space
3622,hard_tiles
3623,soft_pvc
3624,concrete
3625,concrete
3626,soft_tiles
3627,soft_pvc
3628,fine_concrete
3629,wood
3630,hard_tiles
3631,fine_concrete
3632,concrete
3633,hard_tiles_large_space
3634,tiled
3635,soft_tiles
3636,hard_tiles_large_space
3637,soft_pvc
3638,concrete
3639,wood
3640,hard_tiles_large_space
3641,concrete
3642,soft_tiles
3643,hard_tiles_large_space
3644,tiled
3645,concrete
3646,hard_tiles_large_space
3647,wood
3648,hard_tiles
3649,hard_tiles
3650,tiled
3651,carpet
3652,soft_tiles
3653,soft_pvc
3654,concrete
3655,concrete
3656,concrete
3657,hard_tiles
3658,tiled
3659,concrete
3660,soft_pvc
3661,hard_tiles_large_space
3662,fine_concrete
3663,fine_concrete
3664,hard_tiles_large_space
3665,wood
3666,hard_tiles_large_space
3667,wood
3668,carpet
3669,hard_tiles_large_space
3670,fine_concrete
3671,concrete
3672,soft_tiles
3673,carpet
3674,tiled
3675,hard_tiles_large_space
3676,carpet
3677,fine_concrete
3678,concrete
3679,tiled
3680,hard_tiles_large_space
3681,tiled
3682,concrete
3683,soft_pvc
3684,fine_concrete
3685,hard_tiles_large_space
3686,fine_concrete
3687,concrete
3688,concrete
3689,wood
3690,tiled
3691,concrete
3692,tiled
3693,soft_tiles
3694,soft_pvc
3695,fine_concrete
3696,carpet
3697,concrete
3698,wood
3699,soft_tiles
3700,soft_pvc
3701,hard_tiles_large_space
3702,carpet
3703,concrete
3704,soft_tiles
3705,tiled
3706,soft_tiles
3707,fine_concrete
3708,wood
3709,concrete
3710,carpet
3711,hard_tiles
3712,soft_pvc
3713,concrete
3714,concrete
3715,soft_pvc
3716,concrete
3717,concrete
3718,carpet
3719,concrete
3720,tiled
3721,soft_tiles
3722,concrete
3723,hard_tiles_large_space
3724,concrete
3725,soft_pvc
3726,tiled
3727,hard_tiles_large_space
3728,soft_tiles
3729,soft_tiles
3730,hard_tiles
3731,fine_concrete
3732,tiled
3733,soft_pvc
3734,hard_tiles_large_space
3735,concrete
3736,soft_pvc
3737,hard_tiles_large_space
3738,carpet
3739,wood
3740,fine_concrete
3741,concrete
3742,tiled
3743,soft_pvc
3744,concrete
3745,soft_pvc
3746,wood
3747,hard_tiles_large_space
3748,concrete
3749,wood
3750,soft_tiles
3751,wood
3752,fine_concrete
3753,soft_tiles
3754,hard_tiles_large_space
3755,soft_tiles
3756,soft_tiles
3757,soft_pvc
3758,wood
3759,hard_tiles_large_space
3760,concrete
3761,carpet
3762,hard_tiles_large_space
3763,fine_concrete
3764,concrete
3765,fine_concrete
3766,concrete
3767,concrete
3768,soft_pvc
3769,soft_pvc
3770,tiled
3771,soft_tiles
3772,concrete
3773,hard_tiles_large_space
3774,soft_tiles
3775,tiled
3776,concrete
3777,concrete
3778,concrete
3779,soft_pvc
3780,fine_concrete
3781,fine_concrete
3782,fine_concrete
3783,fine_concrete
3784,soft_tiles
3785,hard_tiles_large_space
3786,tiled
3787,concrete
3788,concrete
3789,concrete
3790,concrete
3791,hard_tiles_large_space
3792,hard_tiles
3793,fine_concrete
3794,concrete
3795,fine_concrete
3796,hard_tiles_large_space
3797,concrete
3798,wood
3799,concrete
3800,soft_tiles
3801,hard_tiles_large_space
3802,hard_tiles
3803,concrete
3804,concrete
3805,wood
3806,concrete
3807,soft_pvc
3808,concrete
3809,soft_pvc
3810,soft_pvc
3811,soft_pvc
3812,fine_concrete
3813,hard_tiles_large_space
3814,concrete
3815,wood
